{
    "SECRET_KEY": "django-insecure-z4upv-5!c0i8s0&9c7fmewqvsmahcm5+qk5z*j-@(qj^i638o2",
    "DB_NAME": "gaejosim",
    "DB_USERNAME": "gaejosim",
    "DB_PASSWORD": "bingo123!",
    "DB_HOST": "localhost",
    "DB_PORT": 3306,
    "EMAIL_PASSWORD": "bingo12!",
    "NAVER_CLIENT_ID": "2e4MUIzRLZ0qmLXFKKYF",
    "NAVER_CLIENT_SECRET": "6uziNTpoU0",
    "WATSON_API_KEY": "InN4NtiMLwZEqAr-0B2-cZYUw3uL0XM8OxWCoiO2eYL2",
    "WATSON_URL": "https://api.kr-seo.natural-language-understanding.watson.cloud.ibm.com/instances/626a92c2-bab1-47fd-9007-503fde87b5a8"
}